Web Search interest: snowboarding; snowboard
Canada; 2004 - present

Interest over time
Week,snowboarding,snowboard
2004-01-04 - 2004-01-10,38,62
2004-01-11 - 2004-01-17,43,71
2004-01-18 - 2004-01-24,38,69
2004-01-25 - 2004-01-31,37,74
2004-02-01 - 2004-02-07,37,66
2004-02-08 - 2004-02-14,34,58
2004-02-15 - 2004-02-21,33,44
2004-02-22 - 2004-02-28,32,49
2004-02-29 - 2004-03-06,21,39
2004-03-07 - 2004-03-13,26,51
2004-03-14 - 2004-03-20,14,30
2004-03-21 - 2004-03-27,21,42
2004-03-28 - 2004-04-03,12,31
2004-04-04 - 2004-04-10,18,21
2004-04-11 - 2004-04-17,11,14
2004-04-18 - 2004-04-24,11,19
2004-04-25 - 2004-05-01,10,13
2004-05-02 - 2004-05-08,8,15
2004-05-09 - 2004-05-15,7,13
2004-05-16 - 2004-05-22,8,12
2004-05-23 - 2004-05-29,7,8
2004-05-30 - 2004-06-05,10,13
2004-06-06 - 2004-06-12,7,13
2004-06-13 - 2004-06-19,9,9
2004-06-20 - 2004-06-26,9,7
2004-06-27 - 2004-07-03,9,10
2004-07-04 - 2004-07-10,6,11
2004-07-11 - 2004-07-17,6,7
2004-07-18 - 2004-07-24,6,13
2004-07-25 - 2004-07-31,8,16
2004-08-01 - 2004-08-07,9,15
2004-08-08 - 2004-08-14,6,14
2004-08-15 - 2004-08-21,7,26
2004-08-22 - 2004-08-28,11,28
2004-08-29 - 2004-09-04,11,19
2004-09-05 - 2004-09-11,13,32
2004-09-12 - 2004-09-18,19,32
2004-09-19 - 2004-09-25,19,36
2004-09-26 - 2004-10-02,16,46
2004-10-03 - 2004-10-09,19,52
2004-10-10 - 2004-10-16,22,72
2004-10-17 - 2004-10-23,27,58
2004-10-24 - 2004-10-30,22,55
2004-10-31 - 2004-11-06,32,54
2004-11-07 - 2004-11-13,24,50
2004-11-14 - 2004-11-20,30,54
2004-11-21 - 2004-11-27,28,67
2004-11-28 - 2004-12-04,33,59
2004-12-05 - 2004-12-11,30,72
2004-12-12 - 2004-12-18,36,75
2004-12-19 - 2004-12-25,37,90
2004-12-26 - 2005-01-01,38,80
2005-01-02 - 2005-01-08,30,63
2005-01-09 - 2005-01-15,32,58
2005-01-16 - 2005-01-22,28,55
2005-01-23 - 2005-01-29,27,55
2005-01-30 - 2005-02-05,23,47
2005-02-06 - 2005-02-12,16,45
2005-02-13 - 2005-02-19,19,42
2005-02-20 - 2005-02-26,19,44
2005-02-27 - 2005-03-05,21,43
2005-03-06 - 2005-03-12,17,39
2005-03-13 - 2005-03-19,15,31
2005-03-20 - 2005-03-26,13,23
2005-03-27 - 2005-04-02,12,21
2005-04-03 - 2005-04-09,8,19
2005-04-10 - 2005-04-16,9,15
2005-04-17 - 2005-04-23,9,13
2005-04-24 - 2005-04-30,6,11
2005-05-01 - 2005-05-07,9,10
2005-05-08 - 2005-05-14,7,10
2005-05-15 - 2005-05-21,5,10
2005-05-22 - 2005-05-28,6,9
2005-05-29 - 2005-06-04,5,11
2005-06-05 - 2005-06-11,7,8
2005-06-12 - 2005-06-18,6,10
2005-06-19 - 2005-06-25,6,9
2005-06-26 - 2005-07-02,4,8
2005-07-03 - 2005-07-09,8,11
2005-07-10 - 2005-07-16,3,10
2005-07-17 - 2005-07-23,7,18
2005-07-24 - 2005-07-30,3,18
2005-07-31 - 2005-08-06,8,16
2005-08-07 - 2005-08-13,8,13
2005-08-14 - 2005-08-20,7,21
2005-08-21 - 2005-08-27,9,22
2005-08-28 - 2005-09-03,11,22
2005-09-04 - 2005-09-10,8,23
2005-09-11 - 2005-09-17,9,30
2005-09-18 - 2005-09-24,12,32
2005-09-25 - 2005-10-01,13,33
2005-10-02 - 2005-10-08,16,39
2005-10-09 - 2005-10-15,14,51
2005-10-16 - 2005-10-22,20,46
2005-10-23 - 2005-10-29,14,50
2005-10-30 - 2005-11-05,24,45
2005-11-06 - 2005-11-12,25,63
2005-11-13 - 2005-11-19,29,64
2005-11-20 - 2005-11-26,30,65
2005-11-27 - 2005-12-03,32,67
2005-12-04 - 2005-12-10,28,66
2005-12-11 - 2005-12-17,39,80
2005-12-18 - 2005-12-24,37,75
2005-12-25 - 2005-12-31,32,72
2006-01-01 - 2006-01-07,27,60
2006-01-08 - 2006-01-14,31,60
2006-01-15 - 2006-01-21,28,51
2006-01-22 - 2006-01-28,22,46
2006-01-29 - 2006-02-04,23,46
2006-02-05 - 2006-02-11,29,48
2006-02-12 - 2006-02-18,47,63
2006-02-19 - 2006-02-25,43,53
2006-02-26 - 2006-03-04,32,45
2006-03-05 - 2006-03-11,25,41
2006-03-12 - 2006-03-18,18,36
2006-03-19 - 2006-03-25,19,33
2006-03-26 - 2006-04-01,14,25
2006-04-02 - 2006-04-08,10,15
2006-04-09 - 2006-04-15,6,15
2006-04-16 - 2006-04-22,7,18
2006-04-23 - 2006-04-29,4,12
2006-04-30 - 2006-05-06,5,9
2006-05-07 - 2006-05-13,8,10
2006-05-14 - 2006-05-20,6,9
2006-05-21 - 2006-05-27,4,8
2006-05-28 - 2006-06-03,6,9
2006-06-04 - 2006-06-10,6,7
2006-06-11 - 2006-06-17,4,11
2006-06-18 - 2006-06-24,5,8
2006-06-25 - 2006-07-01,4,7
2006-07-02 - 2006-07-08,4,8
2006-07-09 - 2006-07-15,5,8
2006-07-16 - 2006-07-22,6,10
2006-07-23 - 2006-07-29,4,11
2006-07-30 - 2006-08-05,4,11
2006-08-06 - 2006-08-12,8,17
2006-08-13 - 2006-08-19,6,19
2006-08-20 - 2006-08-26,6,23
2006-08-27 - 2006-09-02,7,23
2006-09-03 - 2006-09-09,10,24
2006-09-10 - 2006-09-16,13,25
2006-09-17 - 2006-09-23,12,32
2006-09-24 - 2006-09-30,15,39
2006-10-01 - 2006-10-07,15,32
2006-10-08 - 2006-10-14,15,59
2006-10-15 - 2006-10-21,13,48
2006-10-22 - 2006-10-28,15,48
2006-10-29 - 2006-11-04,18,43
2006-11-05 - 2006-11-11,21,48
2006-11-12 - 2006-11-18,16,52
2006-11-19 - 2006-11-25,22,52
2006-11-26 - 2006-12-02,22,59
2006-12-03 - 2006-12-09,24,62
2006-12-10 - 2006-12-16,24,58
2006-12-17 - 2006-12-23,25,51
2006-12-24 - 2006-12-30,26,56
2006-12-31 - 2007-01-06,17,42
2007-01-07 - 2007-01-13,17,39
2007-01-14 - 2007-01-20,18,38
2007-01-21 - 2007-01-27,19,43
2007-01-28 - 2007-02-03,19,48
2007-02-04 - 2007-02-10,19,38
2007-02-11 - 2007-02-17,15,42
2007-02-18 - 2007-02-24,15,40
2007-02-25 - 2007-03-03,17,38
2007-03-04 - 2007-03-10,13,35
2007-03-11 - 2007-03-17,10,27
2007-03-18 - 2007-03-24,12,22
2007-03-25 - 2007-03-31,7,18
2007-04-01 - 2007-04-07,6,15
2007-04-08 - 2007-04-14,7,16
2007-04-15 - 2007-04-21,4,13
2007-04-22 - 2007-04-28,5,9
2007-04-29 - 2007-05-05,4,8
2007-05-06 - 2007-05-12,3,8
2007-05-13 - 2007-05-19,3,7
2007-05-20 - 2007-05-26,4,5
2007-05-27 - 2007-06-02,4,6
2007-06-03 - 2007-06-09,3,6
2007-06-10 - 2007-06-16,3,6
2007-06-17 - 2007-06-23,3,6
2007-06-24 - 2007-06-30,3,6
2007-07-01 - 2007-07-07,4,6
2007-07-08 - 2007-07-14,3,7
2007-07-15 - 2007-07-21,4,9
2007-07-22 - 2007-07-28,5,11
2007-07-29 - 2007-08-04,4,12
2007-08-05 - 2007-08-11,5,12
2007-08-12 - 2007-08-18,5,11
2007-08-19 - 2007-08-25,5,17
2007-08-26 - 2007-09-01,8,19
2007-09-02 - 2007-09-08,6,18
2007-09-09 - 2007-09-15,8,19
2007-09-16 - 2007-09-22,7,25
2007-09-23 - 2007-09-29,11,32
2007-09-30 - 2007-10-06,9,27
2007-10-07 - 2007-10-13,13,48
2007-10-14 - 2007-10-20,10,35
2007-10-21 - 2007-10-27,14,37
2007-10-28 - 2007-11-03,13,33
2007-11-04 - 2007-11-10,16,40
2007-11-11 - 2007-11-17,16,42
2007-11-18 - 2007-11-24,18,50
2007-11-25 - 2007-12-01,19,55
2007-12-02 - 2007-12-08,21,63
2007-12-09 - 2007-12-15,24,54
2007-12-16 - 2007-12-22,23,55
2007-12-23 - 2007-12-29,22,64
2007-12-30 - 2008-01-05,21,58
2008-01-06 - 2008-01-12,19,47
2008-01-13 - 2008-01-19,17,40
2008-01-20 - 2008-01-26,16,37
2008-01-27 - 2008-02-02,15,33
2008-02-03 - 2008-02-09,17,38
2008-02-10 - 2008-02-16,14,37
2008-02-17 - 2008-02-23,15,36
2008-02-24 - 2008-03-01,13,33
2008-03-02 - 2008-03-08,13,29
2008-03-09 - 2008-03-15,14,29
2008-03-16 - 2008-03-22,10,25
2008-03-23 - 2008-03-29,9,20
2008-03-30 - 2008-04-05,7,18
2008-04-06 - 2008-04-12,6,17
2008-04-13 - 2008-04-19,5,13
2008-04-20 - 2008-04-26,4,8
2008-04-27 - 2008-05-03,4,7
2008-05-04 - 2008-05-10,4,6
2008-05-11 - 2008-05-17,3,6
2008-05-18 - 2008-05-24,3,7
2008-05-25 - 2008-05-31,4,5
2008-06-01 - 2008-06-07,2,4
2008-06-08 - 2008-06-14,4,4
2008-06-15 - 2008-06-21,4,7
2008-06-22 - 2008-06-28,4,7
2008-06-29 - 2008-07-05,3,5
2008-07-06 - 2008-07-12,5,7
2008-07-13 - 2008-07-19,2,7
2008-07-20 - 2008-07-26,4,7
2008-07-27 - 2008-08-02,5,10
2008-08-03 - 2008-08-09,2,11
2008-08-10 - 2008-08-16,4,13
2008-08-17 - 2008-08-23,7,17
2008-08-24 - 2008-08-30,6,17
2008-08-31 - 2008-09-06,7,21
2008-09-07 - 2008-09-13,8,20
2008-09-14 - 2008-09-20,9,19
2008-09-21 - 2008-09-27,9,24
2008-09-28 - 2008-10-04,10,28
2008-10-05 - 2008-10-11,11,30
2008-10-12 - 2008-10-18,12,45
2008-10-19 - 2008-10-25,11,38
2008-10-26 - 2008-11-01,11,33
2008-11-02 - 2008-11-08,17,39
2008-11-09 - 2008-11-15,19,43
2008-11-16 - 2008-11-22,27,46
2008-11-23 - 2008-11-29,24,54
2008-11-30 - 2008-12-06,25,54
2008-12-07 - 2008-12-13,28,52
2008-12-14 - 2008-12-20,30,57
2008-12-21 - 2008-12-27,34,64
2008-12-28 - 2009-01-03,28,52
2009-01-04 - 2009-01-10,24,50
2009-01-11 - 2009-01-17,22,49
2009-01-18 - 2009-01-24,21,42
2009-01-25 - 2009-01-31,20,40
2009-02-01 - 2009-02-07,21,38
2009-02-08 - 2009-02-14,13,33
2009-02-15 - 2009-02-21,15,34
2009-02-22 - 2009-02-28,15,28
2009-03-01 - 2009-03-07,14,25
2009-03-08 - 2009-03-14,12,23
2009-03-15 - 2009-03-21,8,20
2009-03-22 - 2009-03-28,10,17
2009-03-29 - 2009-04-04,8,16
2009-04-05 - 2009-04-11,6,13
2009-04-12 - 2009-04-18,6,12
2009-04-19 - 2009-04-25,4,9
2009-04-26 - 2009-05-02,5,9
2009-05-03 - 2009-05-09,4,8
2009-05-10 - 2009-05-16,3,8
2009-05-17 - 2009-05-23,3,6
2009-05-24 - 2009-05-30,5,6
2009-05-31 - 2009-06-06,3,9
2009-06-07 - 2009-06-13,4,6
2009-06-14 - 2009-06-20,3,6
2009-06-21 - 2009-06-27,3,6
2009-06-28 - 2009-07-04,4,7
2009-07-05 - 2009-07-11,3,6
2009-07-12 - 2009-07-18,4,7
2009-07-19 - 2009-07-25,4,7
2009-07-26 - 2009-08-01,4,7
2009-08-02 - 2009-08-08,4,9
2009-08-09 - 2009-08-15,3,11
2009-08-16 - 2009-08-22,4,10
2009-08-23 - 2009-08-29,5,13
2009-08-30 - 2009-09-05,6,12
2009-09-06 - 2009-09-12,6,15
2009-09-13 - 2009-09-19,8,19
2009-09-20 - 2009-09-26,8,19
2009-09-27 - 2009-10-03,10,26
2009-10-04 - 2009-10-10,12,30
2009-10-11 - 2009-10-17,13,44
2009-10-18 - 2009-10-24,12,33
2009-10-25 - 2009-10-31,11,32
2009-11-01 - 2009-11-07,12,32
2009-11-08 - 2009-11-14,15,37
2009-11-15 - 2009-11-21,16,41
2009-11-22 - 2009-11-28,19,45
2009-11-29 - 2009-12-05,20,43
2009-12-06 - 2009-12-12,20,51
2009-12-13 - 2009-12-19,21,53
2009-12-20 - 2009-12-26,25,57
2009-12-27 - 2010-01-02,24,56
2010-01-03 - 2010-01-09,22,51
2010-01-10 - 2010-01-16,24,45
2010-01-17 - 2010-01-23,21,45
2010-01-24 - 2010-01-30,20,41
2010-01-31 - 2010-02-06,21,35
2010-02-07 - 2010-02-13,27,43
2010-02-14 - 2010-02-20,65,100
2010-02-21 - 2010-02-27,35,57
2010-02-28 - 2010-03-06,23,40
2010-03-07 - 2010-03-13,13,26
2010-03-14 - 2010-03-20,11,20
2010-03-21 - 2010-03-27,7,19
2010-03-28 - 2010-04-03,8,16
2010-04-04 - 2010-04-10,6,13
2010-04-11 - 2010-04-17,4,11
2010-04-18 - 2010-04-24,3,10
2010-04-25 - 2010-05-01,3,6
2010-05-02 - 2010-05-08,2,6
2010-05-09 - 2010-05-15,4,7
2010-05-16 - 2010-05-22,2,7
2010-05-23 - 2010-05-29,3,7
2010-05-30 - 2010-06-05,3,6
2010-06-06 - 2010-06-12,4,6
2010-06-13 - 2010-06-19,3,7
2010-06-20 - 2010-06-26,2,6
2010-06-27 - 2010-07-03,2,5
2010-07-04 - 2010-07-10,3,4
2010-07-11 - 2010-07-17,3,6
2010-07-18 - 2010-07-24,3,7
2010-07-25 - 2010-07-31,4,6
2010-08-01 - 2010-08-07,3,9
2010-08-08 - 2010-08-14,4,8
2010-08-15 - 2010-08-21,3,8
2010-08-22 - 2010-08-28,5,10
2010-08-29 - 2010-09-04,5,12
2010-09-05 - 2010-09-11,5,15
2010-09-12 - 2010-09-18,6,15
2010-09-19 - 2010-09-25,8,19
2010-09-26 - 2010-10-02,7,18
2010-10-03 - 2010-10-09,8,22
2010-10-10 - 2010-10-16,7,29
2010-10-17 - 2010-10-23,9,25
2010-10-24 - 2010-10-30,10,26
2010-10-31 - 2010-11-06,10,28
2010-11-07 - 2010-11-13,9,29
2010-11-14 - 2010-11-20,13,32
2010-11-21 - 2010-11-27,15,43
2010-11-28 - 2010-12-04,15,40
2010-12-05 - 2010-12-11,18,46
2010-12-12 - 2010-12-18,19,50
2010-12-19 - 2010-12-25,18,51
2010-12-26 - 2011-01-01,22,49
2011-01-02 - 2011-01-08,17,43
2011-01-09 - 2011-01-15,17,39
2011-01-16 - 2011-01-22,16,35
2011-01-23 - 2011-01-29,15,32
2011-01-30 - 2011-02-05,14,35
2011-02-06 - 2011-02-12,14,29
2011-02-13 - 2011-02-19,12,31
2011-02-20 - 2011-02-26,13,29
2011-02-27 - 2011-03-05,11,26
2011-03-06 - 2011-03-12,10,19
2011-03-13 - 2011-03-19,7,15
2011-03-20 - 2011-03-26,8,16
2011-03-27 - 2011-04-02,6,13
2011-04-03 - 2011-04-09,4,11
2011-04-10 - 2011-04-16,3,9
2011-04-17 - 2011-04-23,3,9
2011-04-24 - 2011-04-30,3,6
2011-05-01 - 2011-05-07,2,5
2011-05-08 - 2011-05-14,3,4
2011-05-15 - 2011-05-21,2,4
2011-05-22 - 2011-05-28,2,4
2011-05-29 - 2011-06-04,3,4
2011-06-05 - 2011-06-11,2,4
2011-06-12 - 2011-06-18,3,5
2011-06-19 - 2011-06-25,2,4
2011-06-26 - 2011-07-02,2,4
2011-07-03 - 2011-07-09,2,5
2011-07-10 - 2011-07-16,2,5
2011-07-17 - 2011-07-23,3,5
2011-07-24 - 2011-07-30,3,6
2011-07-31 - 2011-08-06,3,6
2011-08-07 - 2011-08-13,3,8
2011-08-14 - 2011-08-20,3,9
2011-08-21 - 2011-08-27,4,11
2011-08-28 - 2011-09-03,5,11
2011-09-04 - 2011-09-10,5,12
2011-09-11 - 2011-09-17,5,15
2011-09-18 - 2011-09-24,5,18
2011-09-25 - 2011-10-01,7,18
2011-10-02 - 2011-10-08,7,20
2011-10-09 - 2011-10-15,8,30
2011-10-16 - 2011-10-22,8,25
2011-10-23 - 2011-10-29,8,25
2011-10-30 - 2011-11-05,10,26
2011-11-06 - 2011-11-12,10,30
2011-11-13 - 2011-11-19,11,33
2011-11-20 - 2011-11-26,13,39
2011-11-27 - 2011-12-03,13,35
2011-12-04 - 2011-12-10,14,38
2011-12-11 - 2011-12-17,13,39
2011-12-18 - 2011-12-24,14,36
2011-12-25 - 2011-12-31,16,46
2012-01-01 - 2012-01-07,13,38
2012-01-08 - 2012-01-14,14,34
2012-01-15 - 2012-01-21,14,33
2012-01-22 - 2012-01-28,13,32
2012-01-29 - 2012-02-04,12,30
2012-02-05 - 2012-02-11,12,26
2012-02-12 - 2012-02-18,11,24
2012-02-19 - 2012-02-25,12,28
2012-02-26 - 2012-03-03,10,22
2012-03-04 - 2012-03-10,8,21
2012-03-11 - 2012-03-17,7,16
2012-03-18 - 2012-03-24,6,11
2012-03-25 - 2012-03-31,5,11
2012-04-01 - 2012-04-07,4,8
2012-04-08 - 2012-04-14,4,8
2012-04-15 - 2012-04-21,3,8
2012-04-22 - 2012-04-28,3,6
2012-04-29 - 2012-05-05,2,6
2012-05-06 - 2012-05-12,3,7
2012-05-13 - 2012-05-19,2,7
2012-05-20 - 2012-05-26,2,6
2012-05-27 - 2012-06-02,2,4
2012-06-03 - 2012-06-09,2,5
2012-06-10 - 2012-06-16,2,4
2012-06-17 - 2012-06-23,2,4
2012-06-24 - 2012-06-30,2,4
2012-07-01 - 2012-07-07,1,4
2012-07-08 - 2012-07-14,2,5
2012-07-15 - 2012-07-21,2,4
2012-07-22 - 2012-07-28,3,5
2012-07-29 - 2012-08-04,2,6
2012-08-05 - 2012-08-11,2,6
2012-08-12 - 2012-08-18,2,6
2012-08-19 - 2012-08-25,4,8
2012-08-26 - 2012-09-01,2,8
2012-09-02 - 2012-09-08,4,10
2012-09-09 - 2012-09-15,5,11
2012-09-16 - 2012-09-22,4,13
2012-09-23 - 2012-09-29,5,14
2012-09-30 - 2012-10-06,5,17
2012-10-07 - 2012-10-13,7,23
2012-10-14 - 2012-10-20,6,19
2012-10-21 - 2012-10-27,7,23
2012-10-28 - 2012-11-03,7,20
2012-11-04 - 2012-11-10,8,26
2012-11-11 - 2012-11-17,8,25
2012-11-18 - 2012-11-24,8,28
2012-11-25 - 2012-12-01,10,33
2012-12-02 - 2012-12-08,11,34
2012-12-09 - 2012-12-15,11,30
2012-12-16 - 2012-12-22,13,35
2012-12-23 - 2012-12-29,15,51
2012-12-30 - 2013-01-05,16,48
2013-01-06 - 2013-01-12,13,37
2013-01-13 - 2013-01-19,11,32
2013-01-20 - 2013-01-26,12,30
2013-01-27 - 2013-02-02,10,26
2013-02-03 - 2013-02-09,10,23
2013-02-10 - 2013-02-16,10,24
2013-02-17 - 2013-02-23,10,26
2013-02-24 - 2013-03-02,9,22
2013-03-03 - 2013-03-09,8,18
2013-03-10 - 2013-03-16,5,17
2013-03-17 - 2013-03-23,5,14
2013-03-24 - 2013-03-30,6,11
2013-03-31 - 2013-04-06,3,10
2013-04-07 - 2013-04-13,3,9
2013-04-14 - 2013-04-20,3,8
2013-04-21 - 2013-04-27,2,5
2013-04-28 - 2013-05-04,2,5
2013-05-05 - 2013-05-11,2,4
2013-05-12 - 2013-05-18,1,4
2013-05-19 - 2013-05-25,1,4
2013-05-26 - 2013-06-01,1,3
2013-06-02 - 2013-06-08,2,3
2013-06-09 - 2013-06-15,1,3
2013-06-16 - 2013-06-22,1,2
2013-06-23 - 2013-06-29,1,3
2013-06-30 - 2013-07-06,2,3
2013-07-07 - 2013-07-13,2,4
2013-07-14 - 2013-07-20,1,4
2013-07-21 - 2013-07-27,2,4
2013-07-28 - 2013-08-03,2,4
2013-08-04 - 2013-08-10,2,5
2013-08-11 - 2013-08-17,2,5
2013-08-18 - 2013-08-24,2,7
2013-08-25 - 2013-08-31,2,8
2013-09-01 - 2013-09-07,3,9
2013-09-08 - 2013-09-14,3,10
2013-09-15 - 2013-09-21,4,11
2013-09-22 - 2013-09-28,4,12
2013-09-29 - 2013-10-05,5,14
2013-10-06 - 2013-10-12,4,14
2013-10-13 - 2013-10-19,6,19
2013-10-20 - 2013-10-26,6,20
2013-10-27 - 2013-11-02,6,20
2013-11-03 - 2013-11-09,8,23
2013-11-10 - 2013-11-16,9,26
2013-11-17 - 2013-11-23,10,31
2013-11-24 - 2013-11-30,10,36
2013-12-01 - 2013-12-07,11,34
2013-12-08 - 2013-12-14,12,34
2013-12-15 - 2013-12-21,14,39
2013-12-22 - 2013-12-28,15,45
2013-12-29 - 2014-01-04,14,38
2014-01-05 - 2014-01-11,13,31
2014-01-12 - 2014-01-18,13,35
2014-01-19 - 2014-01-25,14,31
2014-01-26 - 2014-02-01,14,31
2014-02-02 - 2014-02-08,25,44
2014-02-09 - 2014-02-15,36,61
2014-02-16 - 2014-02-22,25,56
2014-02-23 - 2014-03-01,16,30
2014-03-02 - 2014-03-08,11,24
2014-03-09 - 2014-03-15,9,20
2014-03-16 - 2014-03-22,7,16
2014-03-23 - 2014-03-29,5,13
2014-03-30 - 2014-04-05,5,11
2014-04-06 - 2014-04-12,3,9
2014-04-13 - 2014-04-19,3,7
2014-04-20 - 2014-04-26,2,5
2014-04-27 - 2014-05-03,1,4
2014-05-04 - 2014-05-10,2,4
2014-05-11 - 2014-05-17,2,4
2014-05-18 - 2014-05-24,2,3
2014-05-25 - 2014-05-31,2,3
2014-06-01 - 2014-06-07,1,3
2014-06-08 - 2014-06-14,2,3
2014-06-15 - 2014-06-21,1,3
2014-06-22 - 2014-06-28,1,3
2014-06-29 - 2014-07-05,1,3
2014-07-06 - 2014-07-12,1,4
2014-07-13 - 2014-07-19,1,2
2014-07-20 - 2014-07-26,1,4
2014-07-27 - 2014-08-02,2,5
2014-08-03 - 2014-08-09,2,5
2014-08-10 - 2014-08-16,2,6
2014-08-17 - 2014-08-23,2,7
2014-08-24 - 2014-08-30,3,7
2014-08-31 - 2014-09-06,3,8
2014-09-07 - 2014-09-13,4,10
2014-09-14 - 2014-09-20,4,11
2014-09-21 - 2014-09-27,3,12
2014-09-28 - 2014-10-04,5,13
2014-10-05 - 2014-10-11,4,16
2014-10-12 - 2014-10-18,5,19
2014-10-19 - 2014-10-25,4,19
2014-10-26 - 2014-11-01,6,17
2014-11-02 - 2014-11-08,7,21
2014-11-09 - 2014-11-15,7,26
2014-11-16 - 2014-11-22,10,30
2014-11-23 - 2014-11-29,9,31
2014-11-30 - 2014-12-06,12,33
2014-12-07 - 2014-12-13, , 


Top sub-regions for snowboarding
Sub-region,snowboarding,snowboard
Yukon,100,100
Alberta,90,95
British Columbia,82,97
Saskatchewan,73,60
Manitoba,67,48
Ontario,56,55
Nova Scotia,48,40
New Brunswick,44,48
Prince Edward Island,44,40
Newfoundland and Labrador,34,31
Quebec,22,60
Northwest Territories,0,0
Nunavut,0,0

Top sub-regions for snowboard
Sub-region,snowboarding,snowboard
Yukon,100,100
British Columbia,82,97
Alberta,90,95
Quebec,22,60
Saskatchewan,73,60
Ontario,56,55
Manitoba,67,48
New Brunswick,44,48
Prince Edward Island,44,40
Nova Scotia,48,40
Newfoundland and Labrador,34,31
Northwest Territories,0,0
Nunavut,0,0


Top cities for snowboarding
Town/City,snowboarding
Whistler,100
Vernon,13
Kelowna,11
Barrie,11
Prince George,10
Kamloops,10
Calgary,10
Vancouver,10
Lethbridge,9
Edmonton,9
Red Deer,8
Thunder Bay,8
North Vancouver,8
Regina,8
Winnipeg,8

Top cities for snowboard
Town/City,snowboard
Whistler,100
Vernon,9
Kelowna,9
Vancouver,9
Kamloops,8
Calgary,8
North Vancouver,7
Prince George,7
Edmonton,7
Red Deer,6
New Westminster,6
Barrie,6
Burnaby,6
Coquitlam,5
Montr√©al,5



Top searches for snowboarding
snowboard,100
transworld snowboarding,45
transworld,45
snowboarding canada,40
snowboarding games,35
burton snowboarding,30
shaun white,25
shaun white snowboarding,25
snowboards,25
snowboarding gear,20
olympic snowboarding,20
snowboarding olympics,20
snowboarding jackets,20
snowboarding game,15
snowboarding boots,15
snowboarding video,15
snowboarding videos,15
snowboarding toronto,15
snowboarding ontario,15
whistler snowboarding,10
snowboarding forum,10
snowboarding jacket,10
snowboarding goggles,10
nike snowboarding,10
snowboarding tips,10
snowboard canada,10
snowboarding pants,10
snowboarding pictures,10
how to snowboard,10
what is snowboarding,10
snowboarding tricks,10
snowboarding lessons,10
snowboarding movies,10
snowboarding history,10
dc snowboarding,5
snowboarding music,5
snowboarding wallpaper,5
snowboarding equipment,5
snowboarding helmet,5
blue mountain snowboarding,5
snow boarding,5
k2 snowboarding,5
snowboarding helmets,5
snowboarder,5
banff snowboarding,5
downhill snowboarding,5
alberta snowboarding,5
burton snowboards,5
freestyle snowboarding,5
snowboarding pics,5


Top searches for snowboard
burton,100
snowboard burton,100
snowboard canada,85
snowboards,80
how to snowboard,60
snowboarding,60
snowboard boots,50
snowboard shop,40
snowboard bindings,40
best snowboard,35
snowboard toronto,35
ride snowboard,30
snowboard sale,25
snowboard size,25
forum snowboard,25
snowboard jackets,25
snowboard show,25
snowboard jacket,25
k2 snowboard,25
k2,20
snowboard gear,20
snowboard pants,20
burton snowboards,20
downhill snowboard,20
snowboard video,15
snowboard goggles,15
dc snowboard,15
snowboard games,15
snowboard reviews,15
snowboard wax,15
snowboard helmet,15
toronto snowboard show,15
rome snowboard,15
snowboard sizing,10
empire snowboard,10
snowboard cross,10
snowboard helmets,10
snowboard kids,10
snowboard brands,10
snowboard game,10
burton snowboard boots,10
snow board,10
rossignol,10
burton canada,10
snowboard quebec,10
the source snowboard,10
snowboard videos,10
rossignol snowboard,10
volcom,10
sims snowboard,10



Rising searches for snowboarding
olympic snowboarding,Breakout
shaun white,Breakout
shaun white snowboarding,Breakout
snowboarding olympics,Breakout
snowboarding games,+140%
snowboarding gear,+120%
snowboarding canada,+110%
transworld snowboarding,+100%
transworld,+90%
snowboard,+60%


Rising searches for snowboard
snowboard jacket,+350%
best snowboard,+300%
snowboard size,+300%
snowboard sale,+200%
snowboard jackets,+160%
snowboard canada,+110%
snowboard burton,+80%
burton,+70%
how to snowboard,+70%
snowboard shop,+60%



